{
  "entryAssembly": "ShowWorkUI",
  "resources": {
    "hash": "sha256-Oim69sp/a4QY/nEK0bDRjyTJb3jNGVHr9iqUmMctMdQ=",
    "runtime": {
      "dotnet.7.0.18.zq1pxh0abr.js": "sha256-OqSIXYbIxpTCkwerDANtv7oOtnp/8VYLEwgf2OfxXvQ=",
      "dotnet.timezones.blat": "sha256-aPcvvHoFVwCzeRxTOvMTcrI2l2HKJO0sjSN7IF10LUQ=",
      "dotnet.wasm": "sha256-kNkpDOXCPgjnbihpnDotRrA5xhWgix5lrR0pd1ygjLs=",
      "icudt_CJK.dat": "sha256-SZLtQnRc0JkwqHab0VUVP7T3uBPSeYzxzDnpxPpUnHk=",
      "icudt_EFIGS.dat": "sha256-8fItetYY8kQ0ww6oxwTLiT3oXlBwHKumbeP2pRF4yTc=",
      "icudt_no_CJK.dat": "sha256-L7sV7NEYP37/Qr2FPCePo5cJqRgTXRwGHuwF5Q+0Nfs="
    },
    "assembly": {
      "Microsoft.AspNetCore.Components.dll": "sha256-jqlqQcitSGOmE/Kxoo0l3UL1gwgA/KkvNyHjVxbFL9A=",
      "Microsoft.AspNetCore.Components.Web.dll": "sha256-1MiVEJok4P/Ki8d5KIysGUIjIXvrTAoumwIbuadJ7c4=",
      "Microsoft.AspNetCore.Components.WebAssembly.dll": "sha256-WC2ve231TQPHr9R6zZmkWaPBN2EFhxBOpCAHQ26o8A4=",
      "Microsoft.Extensions.Configuration.Abstractions.dll": "sha256-X/f4fDl2cuIRXeWHhK/f2UqQbFioD+RU4a4CEh0zrrQ=",
      "Microsoft.Extensions.Configuration.dll": "sha256-DBOKSPriP2JDxVbbWrLXyD3K4/x3RBifNBWk/q1I39M=",
      "Microsoft.Extensions.Configuration.Json.dll": "sha256-Q5AqJneA2TZnzC0IYzBx6j/tHRhWAeMbpH3BsV7KgWg=",
      "Microsoft.Extensions.DependencyInjection.Abstractions.dll": "sha256-7ni+nO8H2QxkXyRXRureFzJc0Tr5aT45TAYcdlgpmwQ=",
      "Microsoft.Extensions.DependencyInjection.dll": "sha256-qi0kE7rp0kdsNqdL6DyPZEeimjUGvcLT4iWQX0YnRus=",
      "Microsoft.Extensions.Logging.Abstractions.dll": "sha256-Hk+Op/2l4FOzMdkD+rOCWVwFQ6lTsWYTK+FvYTHiKNM=",
      "Microsoft.Extensions.Logging.dll": "sha256-RJE660TEC1wm3MyL1EXQfTQB1qK+JWy1efVUxI8nNUo=",
      "Microsoft.Extensions.Options.dll": "sha256-WPBQk7rt2p4aMEo2pTp1sBpsiWdE8MmWuIYq+zl1ceo=",
      "Microsoft.Extensions.Primitives.dll": "sha256-eXvGx2jcjpTPEJoAHBsW/VuMPbNyyU+AsuhPmkzSSRY=",
      "Microsoft.JSInterop.dll": "sha256-zvky0pzl1bgCmS4Zx8a3etfK8EV207hvZPwwoIlAj78=",
      "Microsoft.JSInterop.WebAssembly.dll": "sha256-LIeei4/JFd3TBbtpEc1rneu+zOw4UNmSksghADw1m1I=",
      "ShowWorkUI.dll": "sha256-C4W51SZBXHu3exxat9Dp856FF5Xrt4t6/B01I51Fglc=",
      "System.Collections.Concurrent.dll": "sha256-+FV1VdH/PHKyaCIUF4PReq4xglWeOi0VM1qVGrfBNHI=",
      "System.Collections.dll": "sha256-3FH4uNNt0qYTTC33jx05Nah/u/Elnj+7F9n9Yvr22v4=",
      "System.ComponentModel.dll": "sha256-s62tOgq1vPSY0Mm1P92xKrE9YV4m4qbBORXcaZ9op1M=",
      "System.Console.dll": "sha256-a7bN2i2SeauOx43+ePHdwZ8zIFtzws+p2d4MAQPMU/U=",
      "System.Linq.dll": "sha256-Mundr9XRn+D8R1lLZ2DwkXMK85sNbfC3mRohD9PRi5M=",
      "System.Memory.dll": "sha256-tYEHnxj4K2uH6VsRLDyiRWzLiFyUwKNs4JHpXC2EsSM=",
      "System.Net.Http.dll": "sha256-AyUqR5Jv9U2C6KqWolldZKiGvflwct2PDm5Juolj26Q=",
      "System.Net.Http.Json.dll": "sha256-cx7bM7+GlrWoLiYya9DRCPJoKt7n+MQECB+xTAWliYw=",
      "System.Net.Primitives.dll": "sha256-I8XR9GC3z0U4lUQnYi9NLPFjUlGwpq9P6KwdMjlAoYo=",
      "System.Private.CoreLib.dll": "sha256-9lO40x/Esp/7VFaORp/peDGe/Yj22MqLufiQ6/2i9uc=",
      "System.Private.Uri.dll": "sha256-eoOeHkzEQoai+Lwp3ewKTag1lCSwIiXyBqJYuBEYCuU=",
      "System.Runtime.dll": "sha256-sLAdGxilpR6Ck+/nx4yfKtX7uskgC0shtGlciKwH3X0=",
      "System.Runtime.InteropServices.JavaScript.dll": "sha256-/2WLMXkoPmNvWF8/bofQs5b+QbV8G1d/l04psNt/ZVQ=",
      "System.Text.Encodings.Web.dll": "sha256-FJ5LjDh2C8Se4afk5DyYGXm7PdIiHrIu3CbYvSrI1gw=",
      "System.Text.Json.dll": "sha256-26aNaho7gTo6Ya48oQ6Jzq7gSEtyTLRaWq+eDkQ09U0="
    },
    "runtimeAssets": {
      "dotnet.wasm": {
        "hash": "sha256-kNkpDOXCPgjnbihpnDotRrA5xhWgix5lrR0pd1ygjLs=",
        "behavior": "dotnetwasm"
      }
    }
  },
  "cacheBootResources": true,
  "debugBuild": false,
  "debugLevel": 0,
  "linkerEnabled": true,
  "config": [],
  "icuDataMode": 0,
  "extensions": {
    "blazor": {}
  }
}